<?xml version="1.0" encoding="utf-8"?>
<extension type="module" version="3.0" client="administrator" method="upgrade">
	<name>mod_db8sitedev</name>
	<author>Peter Martin</author>
	<creationDate>July 2016</creationDate>
	<copyright>Copyright (C) 2016 by Peter Martin. All rights reserved.</copyright>
	<license>GNU General Public License version 2</license>
	<authorEmail>joomla@db8.nl</authorEmail>
	<authorUrl>www.db8.nl</authorUrl>
	<version>0.9.4</version>
	<description>MOD_DB8SITEDEV_XML_DESCRIPTION</description>

	<scriptfile>script.php</scriptfile>

	<files>
		<filename module="mod_db8sitedev">mod_db8sitedev.php</filename>
		<filename>mod_db8sitedev.xml</filename>
		<filename>helper.php</filename>
		<folder>assets</folder>
		<folder>language</folder>
		<folder>tmpl</folder>
	</files>

	<languages folder="language">
		<language tag="en-GB">en-GB/en-GB.mod_db8sitedev.ini</language>
		<language tag="en-GB">en-GB/en-GB.mod_db8sitedev.sys.ini</language>
	</languages>

	<config>
		<fields name="params">

			<fieldset name="basic">
				<field
						name="ordering"
						type="list"
						default="cat.lft"
						label="MOD_DB8SITEDEV_FIELD_ORDERING_LABEL"
						description="MOD_DB8SITEDEV_FIELD_ORDERING_DESC"
				>
					<option value="cat.lft">MOD_DB8SITEDEV_VALUE_ORDERING</option>
					<option value="cat.title">MOD_DB8SITEDEV_VALUE_ALPHA</option>
					<option value="cat.id">MOD_DB8SITEDEV_VALUE_ID</option>
				</field>

				<field
						name="direction"
						type="list"
						default="0"
						label="JGLOBAL_ORDER_DIRECTION_LABEL"
						description="JGLOBAL_ORDER_DIRECTION_DESC"
				>
					<option value="0">JGLOBAL_ORDER_ASCENDING</option>
					<option value="1">JGLOBAL_ORDER_DESCENDING</option>
				</field>

			</fieldset>

			<fieldset
					name="advanced">

				<field
						name="layout"
						type="modulelayout"
						label="JFIELD_ALT_LAYOUT_LABEL"
						description="JFIELD_ALT_MODULE_LAYOUT_DESC"/>

				<field
						name="moduleclass_sfx"
						type="textarea" rows="3"
						label="COM_MODULES_FIELD_MODULECLASS_SFX_LABEL"
						description="COM_MODULES_FIELD_MODULECLASS_SFX_DESC"/>

				<field
						name="cache"
						type="list"
						default="0"
						label="COM_MODULES_FIELD_CACHING_LABEL"
						description="COM_MODULES_FIELD_CACHING_DESC">
					<option value="0">COM_MODULES_FIELD_VALUE_NOCACHING</option>
				</field>

			</fieldset>

		</fields>
	</config>

	<updateservers>
		<server type="extension" priority="1" name="mod_db8sitedev">https://www.db8.nl/updates/mod_db8sitedev.xml
		</server>
	</updateservers>

</extension>
